Website,URL,Status,CSS Framework(s),Design System(s) Used,UX4G Design System (Yes/No),UX4G Accessibility CDN (Yes/No),Confidence,Evidence,Notes
DigiLocker,https://www.digilocker.gov.in/,LIVE,"Bootstrap, Tailwind CSS","UX4G Design System, React Bootstrap",Yes,Yes,High,"[UX4G DS]: CDN/File: https://cdn.digilocker.gov.in/ux4g/UX4G@1.0.2/css/ux4g-min.css | [UX4G Accessibility CDN]: CDN/File: https://cdn.ux4g.gov.in/entity-locker/accessibility-widget.js  | [Frameworks]: Bootstrap (CDN/File: bootstrap.min.js ; Classes: [col-xl-3, col-xl-4, col-lg-3, col-md-6]; Meta: Bootstrap); Tailwind CSS (Classes: [flex-wrap, flex-row, shadow-sm]) | [UI Libraries]: UX4G Design System (CDN/File: https://cdn.digilocker.gov.in/ux4g/UX4G@1.0.2/css/ux4g-min.css); React Bootstrap (Classes: [btn-primary, btn-outline-primary, col-md-6, col-md-2])",LIVE
Entity Locker,https://entity.digilocker.gov.in/,LIVE,"Bootstrap, Tailwind CSS","UX4G Design System, React Bootstrap",Yes,Yes,High,"[UX4G DS]: CDN/File: https://cdn.digilocker.gov.in/ux4g/UX4G@1.0.2/css/ux4g-min.css | [UX4G Accessibility CDN]: CDN/File: https://cdn.ux4g.gov.in/entity-locker/accessibility-widget.js | [Frameworks]: Bootstrap (Attr: data-bs-dismiss; Classes: [col-xl-3, col-xl-4, col-lg-3, col-md-6]); Tailwind CSS (Classes: [flex-wrap, flex-row, shadow-sm]) | [UI Libraries]: UX4G Design System (CDN/File: https://cdn.digilocker.gov.in/ux4g/UX4G@1.0.2/css/ux4g-min.css); React Bootstrap (Classes: [btn-primary, btn-outline-primary, col-md-6, col-md-2])",LIVE
API Setu,https://apisetu.gov.in/,LIVE,Tailwind CSS,UX4G Design System,Yes,No,High,"[UX4G DS]: Classes: [ux4g-btn, ux4g-btn-outline-primary, ux4g-btn-primary, ux4g-btn-sm, ux4g-btn-text-neutral, ux4g-btn-text-primary], CSS Var: --ux4g-* | [Frameworks]: Tailwind CSS (Classes: [flex-col, flex-row, lg:flex-row, md:flex-row]) | [UI Libraries]: UX4G Design System (Classes: [ux4g-btn, ux4g-btn-outline-primary, ux4g-btn-primary, ux4g-btn-sm, ux4g-btn-text-neutral, ux4g-btn-text-primary], CSS Var: --ux4g-*)",LIVE
OpenForge,https://openforge.gov.in/,LIVE,None Detected,Custom / None Detected,No,Yes,High,[UX4G Accessibility CDN]: CDN/File: https://cdn.ux4g.gov.in/tools/accessibility-widget.js,LIVE
UMANG,https://web.umang.gov.in/,LIVE,None Detected,Custom / None Detected,No,Yes,High,[UX4G Accessibility CDN]: CDN/File: https://cdn.ux4g.gov.in/tools/accessibility-widget.js,LIVE
myScheme,https://www.myscheme.gov.in/,LIVE,"Bootstrap, Tailwind CSS",Custom / None Detected,No,No,High,"[Frameworks]: Bootstrap (Classes: [container, d-block]); Tailwind CSS (Classes: [flex-col, flex-1, flex-row, lg:flex-row])",LIVE
Meri Pehchaan,https://meripehchaan.gov.in/,LIVE,Bootstrap,React Bootstrap,No,No,High,"[Frameworks]: Bootstrap (CDN/File: bootstrap.min.css; Classes: [col-xl-4, col-lg-3, col-lg-5, col-sm-6]; Meta: Bootstrap) | [UI Libraries]: React Bootstrap (Classes: [col-md-4, col-lg-3, col-lg-5, col-lg-9])",LIVE
UPSC,https://www.upsc.gov.in/,LIVE,Bootstrap,React Bootstrap,No,Yes,High,"[UX4G Accessibility CDN]: CDN/File: https://cdn.ux4g.gov.in/tools/accessibility-widget.js | [Frameworks]: Bootstrap (Classes: [col-sm-12, col-xs-8, col-md-12, col-xs-4]; Meta: Bootstrap) | [UI Libraries]: React Bootstrap (Classes: [btn-primary, col-md-12, col-md-8, col-md-4])",LIVE
PAIMANA,https://paimana-proj.mospi.gov.in/,LIVE,Bootstrap,React Bootstrap,No,No,High,"[Frameworks]: Bootstrap (CDN/File: bootstrap.min.css; Classes: [col-md-6, col-sm-12, col-md-12, col-lg-4]; Meta: Bootstrap) | [UI Libraries]: React Bootstrap (Classes: [col-md-6, col-md-12, col-lg-4, container-fluid])",LIVE
NIRI,N/A,VERIFY / NO URL CONFIRMED,None Detected,None Detected,No,No,N/A,Portal skipped: No official URL (VERIFY / NO URL CONFIRMED),VERIFY / NO URL CONFIRMED
NSWS,https://www.nsws.gov.in/,LIVE,"Bootstrap, Foundation",Custom / None Detected,No,No,High,"[Frameworks]: Bootstrap (Classes: [navbar, modal]); Foundation (Attr: data-off-canvas; Classes: [button-group])",LIVE
LBSNAA,https://www.lbsnaa.gov.in/,LIVE,"Bootstrap, Tailwind CSS",React Bootstrap,No,No,High,"[Frameworks]: Bootstrap (CDN/File: bootstrap.min.js; Classes: [col-lg-3, col-md-6, col-md-2, col-md-12]; Meta: Bootstrap); Tailwind CSS (Classes: [shadow-sm, shadow-none]) | [UI Libraries]: React Bootstrap (Classes: [btn-primary, col-md-6, col-md-2, col-md-12])",LIVE
DPE,https://www.dpe.gov.in/,LIVE,Bootstrap,Custom / None Detected,No,No,Medium,[Frameworks]: Bootstrap (Meta: Bootstrap),LIVE
ITPO – Bharat Mandapam,https://www.itpo.gov.in/,LIVE,Bootstrap,Custom / None Detected,No,No,Medium,[Frameworks]: Bootstrap (Meta: Bootstrap),LIVE
IPA,https://www.ipa.org.in/,VERIFY,Bootstrap,React Bootstrap,No,No,High,"[Frameworks]: Bootstrap (CDN/File: bootstrap.min.css; Classes: [col-lg-3, col-md-6, col-sm-12, col-lg-5]; Meta: Bootstrap) | [UI Libraries]: React Bootstrap (Classes: [col-md-6, col-md-12, col-md-8, col-md-4])",VERIFY
BRICS (India 2026 Digital Platform),https://www.brics2026.gov.in/,VERIFY,Foundation,UX4G Design System,Yes,Yes,High,[UX4G DS]: CDN/File: https://cdn.ux4g.gov.in/UX4G@2.0.8/css/ux4g-min.css?ver=2.0.8 | [UX4G Accessibility CDN]: CDN/File: https://cdn.ux4g.gov.in/tools/accessibility-widget.js | [Frameworks]: Foundation (Attr: data-accordion; Classes: [top-bar]) | [UI Libraries]: UX4G Design System (CDN/File: https://cdn.ux4g.gov.in/UX4G@2.0.8/css/ux4g-min.css?ver=2.0.8),VERIFY
Portal Consolidation – Social Justice,https://www.dosje.gov.in/,VERIFY,Bootstrap,"UX4G Design System, Syncfusion, React Bootstrap",Yes,Yes,High,"[UX4G DS]: CDN/File: https://www.dosje.gov.in/wp-content/themes/mosje/assets/css/ux4g-min.css?ver=e4db21301d | [UX4G Accessibility CDN]: CDN/File: https://cdn.ux4g.gov.in/tools/accessibility-widget.js | [Frameworks]: Bootstrap (Attr: data-bs-target; Classes: [col-sm-5, col-md-6, col-sm-4, col-md-4]; Meta: Bootstrap) | [UI Libraries]: UX4G Design System (CDN/File: https://www.dosje.gov.in/wp-content/themes/mosje/assets/css/ux4g-min.css?ver=e4db21301d); Syncfusion (Classes: [e-grid-align-center]); React Bootstrap (Classes: [btn-primary, btn-outline-primary, col-md-6, col-md-4])",VERIFY
IEPFA,https://www.iepf.gov.in/content/iepfa/global/master/Home/Home.html,VERIFY,None Detected,Custom / None Detected,No,No,Low,"HTML analysed (335 bytes), 0 CSS files, 0 JS scripts — no standard framework signatures matched.",VERIFY
Gaming Portal (Online Gaming Authority),https://www.meity.gov.in/,LIVE,Bootstrap,Custom / None Detected,No,No,Medium,[Frameworks]: Bootstrap (Meta: Bootstrap),LIVE
MOTA / Survey App,https://tribal.gov.in/,ERROR,None Detected,None Detected,No,No,N/A,"Portal skipped or unreachable: Playwright error: Page.goto: net::ERR_CONNECTION_TIMED_OUT at https://tribal.gov.in/
Call log:
  - navigating to ""https://tribal.gov.in/"", waiting until ""commit""
",VERIFY
Textile (TSRS),https://txcindia-stats.gov.in/,VERIFY,None Detected,Custom / None Detected,No,No,Low,"HTML analysed (938 bytes), 2 CSS files, 1 JS scripts — no standard framework signatures matched.",VERIFY
NDMA,https://ndma.gov.in/,LIVE,"Bootstrap, Foundation",React Bootstrap,No,No,High,"[Frameworks]: Bootstrap (Attr: data-bs-ride; Classes: [col-sm-12, col-lg-2, col-lg-12, col-md-12]); Foundation (Attr: data-off-canvas; Classes: [top-bar]) | [UI Libraries]: React Bootstrap (Classes: [col-md-12, col-md-4, col-lg-2, col-lg-12])",LIVE
UPMS,https://upms.meity.gov.in/,LIVE,None Detected,Material UI (MUI),No,No,Medium,"[UI Libraries]: Material UI (MUI) (Classes: [MuiButton-root, MuiCard-root, MuiTypography-root, MuiBox-root])",LIVE
HLC Sameeksha,https://hlc-sameeksha.niti.gov.in/,VERIFY,Bootstrap,Custom / None Detected,No,No,Medium,[Frameworks]: Bootstrap (CDN/File: bootstrap.min.css; Meta: Bootstrap),VERIFY
NGO Darpan,https://ngodarpan.gov.in/,VERIFY,None Detected,Custom / None Detected,No,No,Low,"HTML analysed (10,511 bytes), 3 CSS files, 3 JS scripts — no standard framework signatures matched.",VERIFY
Niti for States – NFS,https://www.nitiforstates.gov.in/,VERIFY,"Bootstrap, Tailwind CSS",React Bootstrap,No,No,High,"[Frameworks]: Bootstrap (CDN/File: bootstrap.bundle.min.js; Classes: [col-md-6, col-md-2, col-lg-5, col-md-3]; Meta: Bootstrap); Tailwind CSS (Classes: [flex-wrap, shadow-none]) | [UI Libraries]: React Bootstrap (Classes: [btn-primary, col-md-6, col-md-2, col-md-3])",VERIFY
Skill India Digital Hub,https://www.skillindiadigital.gov.in/,VERIFY / REDIRECT CHECK,None Detected,Custom / None Detected,No,No,Low,"HTML analysed (82,788 bytes), 4 CSS files, 7 JS scripts — no standard framework signatures matched.",VERIFY / REDIRECT CHECK
IFSCA,https://ifsca.gov.in/,LIVE,"Bootstrap, Milligram","UX4G Design System, React Bootstrap",Yes,No,High,"[UX4G DS]: Classes: [ux4g-icon] | [Frameworks]: Bootstrap (CDN/File: bootstrap.min.css; Classes: [col-xl-4, col-lg-3, col-md-6, col-lg-5]; Meta: Bootstrap); Milligram (Classes: [float-right, float-left]) | [UI Libraries]: UX4G Design System (Classes: [ux4g-icon]); React Bootstrap (Classes: [btn-primary, col-md-6, col-md-12, col-md-8])",LIVE
PARIVESH 3.0,https://parivesh.nic.in/,LIVE,Bootstrap,Custom / None Detected,No,No,Medium,[Frameworks]: Bootstrap (CDN/File: bootstrap.min.css; Meta: Bootstrap),LIVE
RR Generator – DoPT,https://rrgen.rframs.dopt.gov.in/,ERROR,None Detected,None Detected,No,No,N/A,"Portal skipped or unreachable: Playwright error: Page.goto: net::ERR_NAME_NOT_RESOLVED at https://rrgen.rframs.dopt.gov.in/
Call log:
  - navigating to ""https://rrgen.rframs.dopt.gov.in/"", waiting un",VERIFY
GovAI Platform,https://indiaai.gov.in/,LIVE / CRAWLER BLOCKED,None Detected,Custom / None Detected,No,No,Low,"HTML analysed (1,669,033 bytes), 0 CSS files, 7 JS scripts — no standard framework signatures matched.",LIVE / CRAWLER BLOCKED
Gov.in Appstore,https://apps.gov.in/,LIVE,None Detected,UX4G Design System,Yes,Yes,High,"[UX4G DS]: Meta: :
      default-src 'self';
      script-src 'self'
        https://translate.go | [UX4G Accessibility CDN]: CDN/File: https://cdn.ux4g.gov.in/tools/accessibility-widget.js | [UI Libraries]: UX4G Design System (Meta: :
      default-src 'self';
      script-src 'self'
        https://translate.go)",LIVE
UX4G,https://www.ux4g.gov.in/,LIVE,Tailwind CSS,UX4G Design System,Yes,Yes,High,"[UX4G DS]: Classes: [ux4g-absolute, ux4g-ai-center, ux4g-bento-container, ux4g-bento-section, ux4g-bg-brand-subtle, ux4g-bg-glass-20], CSS Var: --ux4g-*, Meta: keywords:UX4G, design system, government, India, React, Angular, Flutter, Web Co, Meta: author:UX4G Design System 3.0 Team, Meta: og:title:UX4G Design System 3.0, Meta: og:url:https://ux4g.gov.in/, Meta: og:site_name:UX4G Design System 3.0, Meta: og:image:https://ux4g.gov.in/assets/og-image.png, Meta: og:image:alt:UX4G Design System 3.0 â Government of India, Meta: twitter:title:UX4G Design System 3.0, Meta: twitter:image:https://ux4g.gov.in/assets/og-image.png, Meta: :default-src 'self'; script-src 'self' 'unsafe-inline' 'unsafe-eval' cdn.ux4g.go | [UX4G Accessibility CDN]: CDN/File: https://cdn.ux4g.gov.in/accessibility-v3.31/accessibility-widget.js | [Frameworks]: Tailwind CSS (Classes: [sm:text-xs, focus:text-sm, sm:shadow-none, focus:shadow-lg]) | [UI Libraries]: UX4G Design System (Classes: [ux4g-absolute, ux4g-ai-center, ux4g-bento-container, ux4g-bento-section, ux4g-bg-brand-subtle, ux4g-bg-glass-20], CSS Var: --ux4g-*, Meta: keywords:UX4G, design system, government, India, React, Angular, Flutter, Web Co, Meta: author:UX4G Design System 3.0 Team, Meta: og:title:UX4G Design System 3.0, Meta: og:url:https://ux4g.gov.in/, Meta: og:site_name:UX4G Design System 3.0, Meta: og:image:https://ux4g.gov.in/assets/og-image.png, Meta: og:image:alt:UX4G Design System 3.0 â Government of India, Meta: twitter:title:UX4G Design System 3.0, Meta: twitter:image:https://ux4g.gov.in/assets/og-image.png, Meta: :default-src 'self'; script-src 'self' 'unsafe-inline' 'unsafe-eval' cdn.ux4g.go)",LIVE
MNRE GHCI,https://mnre.gov.in/,LIVE,Bootstrap,React Bootstrap,No,No,High,"[Frameworks]: Bootstrap (Classes: [col-md-8, col-sm-5, col-xs-5, col-xs-12]) | [UI Libraries]: React Bootstrap (Classes: [col-md-8, col-md-4, col-lg-4, col-lg-8])",LIVE
PM SETU,https://pm-setu.skillindiadigital.gov.in/,LIVE,None Detected,Custom / None Detected,No,No,Low,"HTML analysed (15,119 bytes), 8 CSS files, 1 JS scripts — no standard framework signatures matched.",LIVE
NCSTGram,https://ncstgrams.gov.in/,VERIFY,Bootstrap,React Bootstrap,No,No,High,"[Frameworks]: Bootstrap (CDN/File: bootstrap.min.css; Classes: [col-md-6, col-md-2, col-sm-12, col-md-12]; Meta: Bootstrap) | [UI Libraries]: React Bootstrap (Classes: [col-md-6, col-md-2, col-md-12, col-md-4])",VERIFY
IN-SPACe,https://www.inspace.gov.in/,LIVE → redirects to /inspace,Bootstrap,Custom / None Detected,No,No,Medium,[Frameworks]: Bootstrap (Meta: Bootstrap),LIVE → redirects to /inspace
NMC-NMR,https://nmr-nmc.abdm.gov.in/nmr/v3,VERIFY,None Detected,Custom / None Detected,No,No,Low,"HTML analysed (670 bytes), 1 CSS files, 1 JS scripts — no standard framework signatures matched.",VERIFY
Delhi Police,https://delhipolice.gov.in/,LIVE,"Bootstrap, Foundation, Milligram",React Bootstrap,No,No,High,"[Frameworks]: Bootstrap (CDN/File: bootstrap.min.css; Classes: [col-md-6, col-md-2, col-md-12, col-sm-6]; Meta: Bootstrap); Foundation (CDN/File: foundation.min.css); Milligram (Classes: [float-right, float-left]) | [UI Libraries]: React Bootstrap (Classes: [btn-primary, col-md-6, col-md-2, col-md-12])",LIVE
Election Commission of India – IIDEM,https://iidem.igotkarmayogi.gov.in/,ERROR,None Detected,None Detected,No,No,N/A,"Portal skipped or unreachable: Playwright error: Page.goto: net::ERR_NAME_NOT_RESOLVED at https://iidem.igotkarmayogi.gov.in/
Call log:
  - navigating to ""https://iidem.igotkarmayogi.gov.in/"", waitin",VERIFY
Digital Sports Ecosystem (SAI),https://sportsauthorityofindia.gov.in/,VERIFY,Bootstrap,React Bootstrap,No,No,High,"[Frameworks]: Bootstrap (CDN/File: bootstrap.min.css; Classes: [col-md-6, col-sm-12, col-lg-5, col-md-12]; Meta: Bootstrap) | [UI Libraries]: React Bootstrap (Classes: [col-md-6, col-md-12, col-md-3, col-lg-5])",VERIFY
ABC / NAD,https://www.abc.gov.in/,LIVE,Bootstrap,"UX4G Design System, React Bootstrap",Yes,Yes,High,"[UX4G DS]: CDN/File: https://cdn-abc.dl6.in/assets/css/ux4g-min.css | [UX4G Accessibility CDN]: CDN/File: https://cdn.ux4g.gov.in/tools/accessibility-widget.js | [Frameworks]: Bootstrap (Attr: data-bs-ride; Classes: [col-md-6, col-md-5, col-md-7, col-md-3]; Meta: Bootstrap) | [UI Libraries]: UX4G Design System (CDN/File: https://cdn-abc.dl6.in/assets/css/ux4g-min.css); React Bootstrap (Classes: [btn-outline-primary, col-md-6, col-md-5, col-md-7])",LIVE
DIKSHA,https://diksha.gov.in/,LIVE,Bootstrap,"UX4G Design System, Ant Design, NG-ZORRO, React Bootstrap",Yes,No,High,"[UX4G DS]: Classes: [ux4g-button, ux4g-copy, ux4g-copyright, ux4g-icon] | [Frameworks]: Bootstrap (CDN/File: bootstrap.min.css; Classes: [col-md-2, col-sm-12, col-md-12, col-sm-6]; Meta: Bootstrap) | [UI Libraries]: UX4G Design System (Classes: [ux4g-button, ux4g-copy, ux4g-copyright, ux4g-icon]); Ant Design (Classes: [ant-btn]); NG-ZORRO (Classes: [ant-btn]); React Bootstrap (Classes: [btn-primary, col-md-2, col-md-12, col-md-8])",LIVE
Poshan Tracker,https://www.poshantracker.in/,VERIFY,Bootstrap,Custom / None Detected,No,Yes,High,[UX4G Accessibility CDN]: CDN/File: https://cdn.ux4g.gov.in/tools/accessibility-widget.js | [Frameworks]: Bootstrap (CDN/File: bootstrap.bundle.min.js; Meta: Bootstrap),VERIFY
Poshan,https://ptbeta.dl6.in/,UNKNOWN,Bootstrap,Custom / None Detected,No,Yes,High,[UX4G Accessibility CDN]: CDN/File: https://cdn.ux4g.gov.in/tools/accessibility-widget.js | [Frameworks]: Bootstrap (CDN/File: bootstrap.bundle.min.js; Meta: Bootstrap),
Kisan Sarathi 2.0,https://kisansarathi.in/,LIVE,Bootstrap,React Bootstrap,No,Yes,High,"[UX4G Accessibility CDN]: CDN/File: https://cdn.ux4g.gov.in/accessibility-beta-v1.15/accessibility-widget.js | [Frameworks]: Bootstrap (CDN/File: bootstrap.min.css; Classes: [col-md-6, col-md-2, col-lg-5, col-sm-6]; Meta: Bootstrap) | [UI Libraries]: React Bootstrap (Classes: [col-md-6, col-md-2, col-md-5, col-md-4])",LIVE
MANAS,https://www.manas.gov.in/,ERROR,None Detected,None Detected,No,No,N/A,"Portal skipped or unreachable: Playwright error: Page.goto: net::ERR_NAME_NOT_RESOLVED at https://www.manas.gov.in/
Call log:
  - navigating to ""https://www.manas.gov.in/"", waiting until ""commit""
",VERIFY
eSaras,https://www.esaras.in/,VERIFY,Bulma,Custom / None Detected,No,Yes,High,"[UX4G Accessibility CDN]: CDN/File: https://cdn.ux4g.gov.in/accessibility-beta-v1.15/accessibility-widget.js | [Frameworks]: Bulma (Classes: [columns, column])",VERIFY
Indiahandmade,https://www.indiahandmade.com/,LIVE,"Bulma, Spectre.css",Custom / None Detected,No,Yes,High,"[UX4G Accessibility CDN]: CDN/File: https://cdn.ux4g.gov.in/accessibility-beta-v1.15/accessibility-widget.js | [Frameworks]: Bulma (Classes: [columns, column]); Spectre.css (Classes: [columns, divider])",LIVE
My Bharat,https://mybharat.gov.in/,LIVE,"Bootstrap, Spectre.css",React Bootstrap,No,No,High,"[Frameworks]: Bootstrap (CDN/File: bootstrap.min.css; Classes: [col-md-8, col-sm-5, col-sm-10, col-md-6]; Meta: Bootstrap); Spectre.css (Classes: [form-group, input-group]) | [UI Libraries]: React Bootstrap (Classes: [btn-outline-primary, col-md-8, col-md-6, col-md-1])",LIVE
LoKOS,https://lokos.dord.gov.in/,VERIFY,None Detected,Custom / None Detected,No,Yes,High,[UX4G Accessibility CDN]: CDN/File: https://cdn.ux4g.gov.in/accessibility-beta-v1.12/accessibility-widget.js,VERIFY
NHAI,https://nhai.gov.in/,LIVE,None Detected,Custom / None Detected,No,No,Low,"HTML analysed (4,528 bytes), 1 CSS files, 7 JS scripts — no standard framework signatures matched.",LIVE
GSI,https://www.gsi.gov.in/home/,VERIFY,Bootstrap,Custom / None Detected,No,No,Medium,[Frameworks]: Bootstrap (Meta: Bootstrap),VERIFY
Visvesvaraya PhD Scheme,https://phd.dic.gov.in/,VERIFY,None Detected,Mantine,No,Yes,High,[UX4G Accessibility CDN]: CDN/File: https://cdn.ux4g.gov.in/tools/accessibility-widget.js | [UI Libraries]: Mantine (Classes: [mantine-Text-root]),VERIFY
NITI Aayog,https://www.niti.gov.in/,LIVE,"Bootstrap, Foundation",React Bootstrap,No,No,High,"[Frameworks]: Bootstrap (CDN/File: bootstrap.min.css; Classes: [col-md-12, col-xl-6, container-fluid, container]; Meta: Bootstrap); Foundation (Attr: data-off-canvas) | [UI Libraries]: React Bootstrap (Classes: [col-md-12, container-fluid])",LIVE
India AI,https://indiaai.gov.in/,LIVE / CRAWLER BLOCKED,None Detected,Custom / None Detected,No,No,Low,"HTML analysed (1,669,033 bytes), 0 CSS files, 7 JS scripts — no standard framework signatures matched.",LIVE / CRAWLER BLOCKED
DPDP Digital Office,https://www.meity.gov.in/data-protection-framework,LIVE / CRAWLER BLOCKED,Bootstrap,Custom / None Detected,No,No,Medium,[Frameworks]: Bootstrap (Meta: Bootstrap),LIVE / CRAWLER BLOCKED
NCW,https://www.ncw.gov.in/,VERIFY,"Bootstrap, Tailwind CSS",React Bootstrap,No,Yes,High,"[UX4G Accessibility CDN]: CDN/File: https://cdn.ux4g.gov.in/accessibility-beta-v1.15/accessibility-widget.js | [Frameworks]: Bootstrap (CDN/File: bootstrap.min.css; Classes: [col-lg-1, col-md-6, col-lg-5, col-md-1]; Meta: Bootstrap); Tailwind CSS (Classes: [flex-wrap, shadow-sm]) | [UI Libraries]: React Bootstrap (Classes: [col-md-6, col-md-1, col-md-3, col-md-12])",VERIFY
Vandemataram,https://www.vandemataram150.in/,LIVE,Tailwind CSS,Custom / None Detected,No,No,Medium,"[Frameworks]: Tailwind CSS (Classes: [flex-col, flex-1, sm:flex-col, sm:flex-row])",LIVE
